{"cameraMode":{"drawMode":0,"name":"Shaded","section":"Shading Mode"},"sceneLighting":false,"audioPlay":false,"sceneViewState":{"m_AlwaysRefresh":false,"showFog":true,"showSkybox":false,"showFlares":true,"showImageEffects":true,"showParticleSystems":true,"showVisualEffectGraphs":true,"m_FxEnabled":true},"in2DMode":false,"pivot":{"x":0.020702674984931947,"y":0.050834059715270999,"z":0.040295183658599856},"rotation":{"x":-0.014171349816024304,"y":0.8470591306686401,"z":0.022613700479269029,"w":0.5308283567428589},"size":0.7086419463157654,"orthographic":false}